{
    "embedding_dim": 300,
    "hidden_dim": 256,
    "output_dim": 1,
    "n_layers": 3,
    "bidirectional": true,
    "dropout": 0.6,
    "batch_size": 512,
    "learning_rate": 0.0001,
    "best_valid_loss": 0.7011237740516663,
    "final_train_loss": 0.6167203854112064,
    "final_train_accuracy": 0.6570926308631897,
    "final_valid_loss": 0.7011237740516663,
    "final_valid_accuracy": 0.6800130307674408,
    "final_test_loss": 0.6542375385761261,
    "final_test_accuracy": 0.7177734375
}