{"embedding_dim": 1536, "hidden_dim": 768, "output_dim": 1, "n_layers": 2, "bidirectional": true, "dropout": 0.2, "batch_size": 512, "learning_rate": 0.0005, "best_valid_loss": 0.10782596965630849, "final_train_loss": 0.0834135680148999, "final_train_accuracy": 0.926756426692009, "final_valid_loss": 0.11711830149094264, "final_valid_accuracy": 0.8363150159517924, "final_test_loss": 0.09478789071242015, "final_test_accuracy": 0.8997028867403666}